Name,Website,Address,Contact Number,Email
Telangana Institute of Excellence,,"Ground Floor, 3-6, Anasuya Complex, 10, Liberty Rd, Gagan Mahal, Domalguda, Himayatnagar, Hyderabad, Telangana 500029, India",,
J.B. Group Of Educational Institutions,http://www.jbgroup.org.in/,"Shop Number 6-3-24P/1/1/A,Beside Care Hospital, Rd Number 1, Prem Nagar, Banjara Hills, Hyderabad, Telangana 500034, India",+91 99854 50675,
Institute for Academic Excellence,http://www.iae.education/,"3-6-692, Street No.12, Himayatnagar, Hyderabad, Telangana 500029, India",+91 96187 39900,mpadmace@jntuh.ac.in
Hyderabad Institute of Excellence,https://hieschool.edu.in/,"Babukhan House, # 520, Road No. 10, Banjara Hills, Hyderabad, Telangana 500034, India",+91 23356085,admissions@hieschool.edu.in
Vijetha College Group,http://www.vijethaacademy.org/,"Sona Arcade, Office Suite Number: #20, St Marys Rd, opp. to Regional Passport Office Hyderabad, Regimental Bazaar, Shivaji Nagar, Secunderabad, Telangana 500003, India",+91 81860 47777,vijethamail@gmail.com
Delight Institute,,"#-6-451/A,, 4, Esamia Bazar Rd, Koti, Hyderabad, Telangana 500095, India",+91 89788 24141,
IIE Academy Shahen Nager- Best Institute in Hyderabad,https://iiegroupofinstitutions.com/,"1st Floor, SK Plaza, opp. Zam Zam Bakery, Shaheen Nagar, Habeeb Colony, Hyderabad, Telangana 500005, India",,info@iiegroupofinstitutions.com
Institute of Advanced Study in Education,,"CGFG+CMG, Osmania University Main Rd, Ravindra Nagar, Osmania University, Amberpet, Secunderabad, Telangana 500007, India",+91 40 2709 8260,
Sri Sanjeevni Educational Academy,http://srisanjeevniedu.com/,"2-2-16, A-Lane, beside OU Main Gate, DD Colony, Amberpet, Hyderabad, Telangana 500013, India",+91 73964 65668,
Sri Mega Study Circle,,"9GX4+925, No. S-5&6, 2nd Floor, Diamond Towers, Opposite Metro Diagnostics, OU Road,, Nallakunta, Sumitra Sapandana Enclave, Padma Colony, New Nallakunta, Hyderabad, Telangana 500044, India",,
VelocIITy Education Institute,http://velociity.co.in/,"C9XQ+997, VIP Hills, Silicon Valley, Madhapur, Hyderabad, Telangana 500081, India",+91 40 2312 3322,
National Institute of Pharmaceutical Education And Research (NIPER),http://www.niperhyd.ac.in/,"NH 9, Balanagar Main Rd, Kukatpally Industrial Estate, Balanagar, Hyderabad, Telangana 500037, India",+91 40 2307 3741,info.niperhyd@gov.in
Hyderabad Educational Society,,"22-2-700/11, Darul Shafa, Darul Shafa, Hyderabad, Telangana 500024, India",+91 40 2457 4012,
"Livewire India Training Institute - Madhapur, Hyderabad",https://www.livewireindia.com/,"1-89/A/17, Flat No 401, LaxmiPrabha Residency In-Orbit Mall road, Kavuri Hills Phase 2 Rd, Madhapur, Telangana 500081, India",,info@livewireindia.com
Education,,"Narayanguda, backside of Gurunanak school, st.no.7, Hyderabad, Telangana 500029, India",+91 94918 44205,
Great Learning Hyderabad,https://www.mygreatlearning.com/?utm_source=google&utm_medium=organic&utm_campaign=GMBHyderabad,"B-Block, 1st Floor, Kavuri Incor9, (entrance from basement, Kavuri Hills Rd, Madhapur, Hyderabad, Telangana 500081, India",+91 80 4711 1120,info@mygreatlearning.com
Princess Esin Women's Educational Centre,http://www.pewec-pptt.org/,"22-3-643, Building, Backside Durre Shahwar Hospital, No-5, Purani Haveli Rd, near Princess Durru Shehvar Childrens Hospital, Purani Haveli, Hyderabad, Telangana 500002, India",+91 40 2457 8078,pewecpewec@yahoo.co.in
IT INSTITUTES,,"500038, Satyam Theatre Rd, Kumar Basti, Aditya Nagar, Ameerpet, Hyderabad, Telangana 500082, India",,
Dr. Raju's Educational Academy,https://www.drrajus.com/,"403 Hotel Swagath, Anupama & Dominos Building, Alluri Trade Centre, 5th floor,Besides Chennai Shopping Mall, Bhagya Nagar Colony, Kukatpally, Hyderabad, Telangana 500072, India",+91 99082 22209,hello@drrajus.com
RAHMAT EDUCATIONAL ACADEMY,,"No.2, 8-1-523/247, Brindavan Colony Rd, Galaxy, Sabza Colony, Brindavan Colony, Toli Chowki, Hyderabad, Telangana 500008, India",+91 90528 27013,
Career Bridge IT Services And Overseas Education,http://careerbridgeit.in/,"HIG 209, 3rd Floor, Above Punjab National Bank Rythu Bazar Road, KPHB Phase -1, Kukatpally Housing Board Colony, Hyderabad, Telangana 500072, India",+91 97053 23377,
Dwarka Institute for Professional Studies,,"3-9, NH 65, Millenium Residency, Krishna Nagar, Dilsukhnagar, Hyderabad, Telangana 500060, India",,
"AIIT Computer Education & Spoken English,Tally,Oracle,Aws,Testing Tools, AI,PowerBI,Full StackJava,Python Training Institute",https://www.aiitcomputeredu.com/,"3-5-2, National Highway 65 RTC Colony, LB Nagar, near metro station, near New bridge, starting point, Hyderabad, Telangana 500074, India",+91 90527 47078,aiitcomputereducation123@gmail.com
Nalanda Educational Institutions,http://onlenalanda.com/,"3-195/5, H.No: 8, Vengal Rao Nagar Rd, Sanjeeva Reddy Nagar, Hyderabad, Telangana 500038, India",+91 40 2381 3997,info@onlenalanda.com
National Institute of Secondary Education,http://niose.co.in/,"Door No: 5-5-475/2 & 3, APHB Complex, Opp CARE Hospital, MJ Road, Moazamjahi Market, Hyderabad, Telangana 500001, India",+91 99125 40011,director@superedu.co.in
Mahendra Educational Private Limited,https://www.mahendras.org/,"SAI SURYA TATA TOWER 3RD FLOOR, ABOVE SOUTH INDIAN BANK, NEAR MAITRIVANAM BUILDING AMEERPET, Hyderabad, Telangana 500016, India",,info@mahendras.org
Narayana Educational Institutions,https://www.narayanagroup.com/,"13/1, Street No. 5, Narayanguda, Hyderabad, Telangana 500029, India",,info@narayanagroup.com
Residency College Of Education,,"703, 2, 4/A, Lane No. 12, Banjara Hills, Hyderabad, Telangana 500034, India",,
IRA Educational institution,IRA-NALLAKUNTA,"Shivam Rd, opp. INDIAN BANK, Sai Baba Colony, Bagh Amberpet, Amberpet, Hyderabad, Telangana 500044, India",+91 83670 40088,
Vijetha College - B.Ed College in hyderabad,http://vijethacollege.online/,"Station road, opp.passport office, above state bank, near clock tower, Secunderabad, Telangana 500003, India",+91 81860 47777,vijethamail@gmail.com
Aditya Educational Society,,"1-19, Rd Number 1, Chaitanyapuri, Kothapet, Hyderabad, Telangana 500060, India",+91 40 2404 4118,
Vivekananda Institute of Human Excellence,,"CF6J+J6C, Indira Park Rd, Valmiki Nagar, Domalguda, Himayatnagar, Hyderabad, Telangana 500029, India",+91 91772 32696,
Al-Huda Institute Hyderabad India,http://www.farhathashmi.com/,"12-2-783, 4/3, Inner Ring Rd, Dilshad Nagar Colony, Mehdipatnam, Hyderabad, Telangana 500028, India",+91 98852 04229,admin@farhathashmi.com
Lakshya educational institution-2,,"govt hospital, Balkampet Rd, Sanjeeva Reddy Nagar, Hyderabad, Telangana 500038, India",,
Training institute,http://kalyanit.in/,"Unnamed Road, AP State Housing Board, Durga Nagar, Madhura Puri Colony, Gaddiannaram, Hyderabad, Telangana 500060, India",+91 90144 77500,mdevender2001@gmail.com
St Mary's Group Of Institutions Office,http://www.stmarysgroup.com/,"6-3-678/2, 4th floor, Pawani, Punjagutta Rd, Hyderabad, Telangana 500082, India",+91 81878 96062,enquiry@stmarysgroup.com
Integrated Institute Of Education Technology,,"Flat No: 406, 4th Floor, Srinivasa Complex, Near Pillar # 43, Mehdipatnam, Hyderabad, Telangana 500028, India",+91 86861 90660,
Narayana Educational Society,https://www.narayanagroup.com/,"1st Floor, Ansar Complex, Vivekananda Colony, Santosh Nagar, Mehdipatnam, Hyderabad, Telangana 500028, India",,info@narayanagroup.com
CMS CA Institute,https://cmsforca.in/,"NH 65, near JNTU College, Vasanth Nagar, Hyder Nagar, Kukatpally Housing Board Colony, Kukatpally, Hyderabad, Telangana 500090, India",,info@cmsforca.in
SUN Educational Institutions Miyapur,http://suneducation.in/,"1, 2 Cross Roads, beside Metro Station, Mathrusree Nagar, Miyapur, Telangana 500049, India",+91 85757 95757,executivedirector@sun.edu.in
Sudaksha Education Private Limited,https://www.sudaksha.com/,"Sudaksha , 3rd Floor Plot, 705, Rd Number 36, opp. to metro pillar no. C1675, above woodland showroom, Aditya Enclave, Venkatagiri, Jubilee Hills, Hyderabad, Telangana 500033, India",+91 99899 57511,
Sri Chaitanya Academy,https://srichaitanya.net/,"538, Saibaba Temple Rd, BK Guda, Sanjeeva Reddy Nagar, Hyderabad, Telangana 500038, India",,contact@srichaitanya.net
IELTS Coaching Center Hyderabad - Best IELTS Institute In Hyderabad,https://ielts-coaching-center-hyderabad-best.business.site/?utm_source=gmb&utm_medium=referral,"18-1-514/55/A, Banu Nagar, Madannapet Colony, Hyderabad, Telangana 500059, India",+91 70138 05682,
Bansal classes Hyderabad,https://bansalclasseshyderabad.com/,"H.NO, Seetharamiah Apartments, Sujatha nilayam, 3-6-457/1, Street Number 6, Advocates Colony, Himayatnagar, Hyderabad, Telangana 500029, India",+91 94188 61999,info@abhyaas.in
SAP Coaching Classes and Training Institute in Hyderabad,https://sdklearnings.in/,"METRO STATION, 2st Floor Plot no, SURVIBA TOWERS, 247/3RT, near Umesh Chandra Statue, near SR NAGAR, Bapu Nagar, Sanjeeva Reddy Nagar, Hyderabad, Telangana 500038, India",+91 73311 69071,sdklearnings@gmail.com
CHAITANYA IIT Academy,https://srichaitanya.net/,"Kavuri Hills Road, Kavuri Hills, Madhapur, Hyderabad, Telangana 500033, India",+91 40 6606 0606,contact@srichaitanya.net
MRM EDUCATIONAL INSTITUTIONS,,"9/A MIGH, LIGH Phase 2, New Santoshnagar, Santosh Nagar, Hyderabad, Telangana 500059, India",+91 95428 77373,
Visionn CS Institute,http://visionncs.blogspot.com/,"2nd Floor, Chippa Babaiah Complex, opposite Saibaba Temple, Kamala Nagar, Dilsukhnagar, Hyderabad, Telangana 500060, India",+91 98495 32076,visionncs@outlook.com
JMR Physics Institute,http://thejmrphysics.com/,"Shivam Rd, Indraprasth Colony, DD Colony, Amberpet, Hyderabad, Telangana 500007, India",+91 92465 32142,
Nano Junior College,https://nanoeducation.co.in/,"2, Pakhal Plaza, Nallakunta Main Rd, Vidyanagar, New Nallakunta, Hyderabad, Telangana 500044, India",+91 90000 07761,
Easy Admissions,http://www.easyadmissions.org/,"Street no 10, 1-83/6, above Momaji Plywood, Veera Reddy Nagar, Boduppal, Hyderabad, Telangana 500092, India",+91 40 3597 2217,info@easyadmissions.org
Proschool - Hyderabad,https://www.proschoolonline.com/financial-courses-hyderabad?utm_source=Google%20Business%20Page&utm_medium=Organic&utm_campaign=Hyderabad%20Centre,"Unit No 409, Down Town The Mall, Lakdikapul Rd, P & T Officers Colony, Chintal, Hyderabad, Telangana 500004, India",+91 91369 08879,info@proschoolonline.com
XCEL CAREER,http://xcelcareer.com/,"103, Ratna Complex, Image Hospitals Ln, behind CHERMAS, Pratap Nagar, Nagarjuna Nagar colony, Yella Reddy Guda, Hyderabad, Telangana 500073, India",+91 96180 37733,info@xcelcareer.com
Ghulam Ahmed College of Education,http://gacoe.ac.in/,"Banjara Hills Rd Number 3, Venkateshwara Hills, Banjara Hills, Hyderabad, Telangana 500873, India",+91 40 2328 0282,
Tapasya College Of Commerce & Management,http://tapasyaedu.com/,"11-5-449, opp. Shah Function Hall, Red Hills, Lakdikapul, Hyderabad, Telangana 500004, India",+91 88855 56611,
IMECH INSTITUTE PVT LTD,https://imechinstitute.com/,"2nd Floor, Safa Apartment, Red Hills Lakdi Ka Pul, opp. to Balaji sitaram sweet shop, Hyderabad, Telangana 500004, India",+91 97000 08685,imechinstitute@gmail.com
"Miles Education - CPA, CMA, CFA & FRM (Hyderabad)",https://mileseducation.com/,"Level -1, Jayabheri Silicon Towers, Hitech City Rd, Hyderabad, Telangana 500084, India",+91 89299 42036,
Digital Khoj - Digital Marketing Training Institute Hyderabad,,"2nd Floor, 2A, TR Square, 1-98/21/B, Jai Hind Gandhi Rd, VIP Hills, Jaihind Enclave, Madhapur, Hyderabad, Telangana 500081, India",,
Mahaveer Institute of Science & Technology,https://www.mist.ac.in/,"8F54+7JQ, Mahaveer Institute of Science and Technology, Beside Aurora's Scientific, Technological & Research Academy, Vyasa Puri, Chandrayangutta, Hyderabad, Telangana 500005, India",+91 40 2988 0079,principal@mist.ac.in
"Takshasila IAS Academy, Hyderabad",https://takshasilaias.business.site/?utm_source=gmb&utm_medium=referral,"beside Rama krishna Math, opp. Indira Park, Hyderabad, Telangana 500029, India",+91 90300 88685,
INDIAN INSTITUTE OF SECONDARY EDUCATION,http://iise.co.in/,"Hyderabad Educational and Research Centre, Door No: 6-3-664, 1st Floor, A - Block, Prestige Rai Towers, Opp NIMS, Punjagutta, Hyderabad, Telangana 500082, India",+91 77025 91155,
AKS IAS Academy - Best UPSC Coaching Centre in Hyderabad for IAS Coaching | Top IAS Coaching in India,https://aksias.com/,"AKS IAS (Head Office),House.no:1-10-249/1/1,Near Sub Registrar Office, Main Road, near Eshwar Lakshmi Hospital, Ashoknagar, RTC Cross Road, Hyderabad, Telangana 500020, India",+91 84484 49709,info@aksias.com
SNIT Training Institute,http://www.snitsolutions.in/,"opp. Asian Institute of Nephrology & Urology, near Metro pillar No.30, Indira Nagar, Dilsukhnagar, Hyderabad, Telangana 500036, India",+91 96400 05999,hr@snitsolutions.in
Excellence educational Institutions,,"Midhani, bus depot, X road, Riyasath Nagar Road, Mustafa Nagar, Kanchan Bagh, Hyderabad, Telangana 500059, India",+91 78427 42607,
Aradhana College of Education,http://www.aradhanacollege.com/,"Survey 36 & 37, Kismatpur Rd, Bharath Nagar Colony, Rajendranagar mandal, Hyderabad, Telangana 500086, India",+91 80085 57313,
Education,http://mikykiran.bussiness.site/,,+91 93988 65783,
All India Institute of Library Science,http://aiils.co.in/,"Door No: 6-3-664, 1st Floor, A - Block, Prestige Rai Towers, opp. NIMS, Punjagutta, Hyderabad, Telangana 500082, India",+91 77025 91133,director@hyderc.com
"KESHAV SMARAK JUNIOR COLLEGE NEET and IITJEE Coaching | EAMCET, IIT JEE Mains / Advanced Coaching Center in Hyderabad,.",https://ksjc.in/,"KESHAV SMARAK JUNIOR COLLEGE 3-4-494/1, beside State Bank of India, near Barkatpura, Barkatpura, Chaman, Hyderabad, Telangana 500027, India",+91 73375 88335,
Impulse Junior College IIT-JEE/NEET - Madeenaguda,https://www.impulse.net.in/,"Mythri Nagar, Hafeezpet, Madeenaguda, Hyderabad, Telangana 500050, India",+91 91000 55592,bvsphysics@gmail.com
Education,http://www.pragathitutorials.in/,"No 1-8-7, H, 4/A, Chikkadpally Rd, Hyderabad, Telangana 500020, India",,
Jahnavi Group Of Institutions,https://www.jahnavicolleges.com/,"9FXV+F84, Narayanguda Rd, near Taj Mahal Hotel, Narayanaguda, Himayatnagar, Hyderabad, Telangana 500029, India",+91 93955 67555,info@jahnavicolleges.com
AS Chakravarthy NCFM Academy Hyderabad - Stock Market Trading Training Institute,https://www.ascncfmacademy.com/,"307, 3rd Floor, Annapoorna Block, ADITYA ENCLAVE, near HMDA, beside METRO Station, Maitrivanam, Ameerpet, Hyderabad, Telangana 500038, India",+91 98489 60767,
"Naarayana Technologies, English, AWS,UIUX,Oracle DBA,Testing tools,Full Stack Developer in Dilsukhnagar",http://naarayanatech.in/,"shop 1st floor, Prashanth Complex, Dilsukh Nagar Main Rd, opposite Venkatadri Theatre, near madura sweet, Hanumannagar, Dilsukhnagar, Hyderabad, Telangana 500036, India",+91 96661 34780,naarayanatechnologies123@gmail.com
HYDERABAD INSTITUTE OF MEDICAL SCIENCES,,"2ND FLOOR, HIMS, H.NO 6-3-347/17/10, opposite to SBI Bank, Dwarakapuri, Punjagutta, Hyderabad, Telangana 500080, India",,
Xavier Institute Of Business Management Studies - XIBMS Hyderabad,https://www.xibms.com/,"115, Workafella, Pearl Point Apartment, Banjara Hills Main Rd, opposite Taj Deccan, Irram Manzil Colony, Hotel, Hyderabad, Telangana 500004, India",+91 99483 34322,emailus@xibms.com
Al Birr Educational & Welfare Society,https://youtube.com/@ABEWSwelfaresociety?si=ET4RFuLjpts0Seiq,,+91 85004 28144,
Elite Career Courses | Pega Training in Hyderabad | Best Pega Training Institute in Hyderabad | Pega Course in Hyderabad,,"MIGH-183,FLAT NO.301,DHANA LAKSHMI CENTER, K P H B Phase 6, 1, Hyderabad, Telangana 500072, India",+91 83283 00750,
IIIT-H | The International Institute of Information Technology - Hyderabad,https://www.iiit.ac.in/,"Professor CR Rao Rd, Gachibowli, Hyderabad, Telangana 500032, India",+91 40 6653 1000,
National Institute of Fashion Technology,http://www.nift.ac.in/hyderabad,"Jaihind Enclave, HITEC City, Hyderabad, Telangana 500081, India",+91 40 2311 0841,info@nift.ac.in
"Data Science, Data Analytics Training Course in Hyderabad - 360DigiTMG",https://datasciencehyderabad.training/,"4th Floor, Flat no. 402, AGM Grandeur, next to Morine Bakery, Nanal Nagar, Mehdipatnam, Hyderabad, Telangana 500028, India",+91 99899 94775,
All India Institute of Science & Research,http://aiisr.co.in/,"Bhavani Nagar, Moosapet, Hyderabad, Telangana 500018, India",+91 77025 91155,director@hyderc.com
KL University Aziz Nagar Hyderabad,https://www.kluniversity.in/,"R.V.S Nagar, Moinabad-Chilkur Rd, near AP Police Academy, Aziznagar, Telangana 500075, India",+91 40 2354 2127,ssmantha@kluniversity.in
Geeni Computer Education,,"Rajnagar, N.R.R. Puram, SRT Nagar, Borabanda, Hyderabad, Telangana 500018, India",+91 99491 77570,
excel defence academy,https://www.exceldefenceacademy.com/,"Patiguda, Hyderabad, Turkayamjal, Telangana 501510, India",+91 92469 24630,info@exceldefenceacademy.com
Mep Training Institute In Hyderabad,https://www.meptraining.com/,"101 First Floor, Pl No 16, Mehdipatnam, Hyderabad, Telangana 500008, India",+91 90003 51704,farooq@meptraining.com..contact
Sai Ganesh Institute,,"Saleem Nagar Colony, Malakpet Extension, Old Malakpet, Hyderabad, Telangana 500036, India",+91 90300 77903,
"Tapasya Junior College, Narayanguda, Hyderabad - MEC & CEC Courses",http://tapasyaedu.com/,"Ram Narayan Jaiswal Rd, Hari Vihar Colony, Bhawani Nagar, Narayanguda, Hyderabad, Telangana 500029, India",+91 89788 88690,
National Skill Training Institute,https://nstihyderabad2.dgt.gov.in/,"CG37+6VG, Shivam Rd, opposite शिवम मंदिर, Vidyanagar, SBH Colony, Amberpet, Hyderabad, Telangana 500007, India",+91 40 2742 8606,vidyanand.sai@dgt.gov.in
National Institute of Tourism and Hospitality Management,http://nithm.ac.in/,"National Institute Of Tourism, 202, Street Number 19, Telecom Nagar Extension, Gachibowli, Hyderabad, Telangana 500032, India",+91 40 2300 0472,chairman@nithm.ac.in
IRIS HEALTHCARE SOLUTIONS | Best Medical Coding Training Institute in Hyderabad | CPC Certification,,"202, 2nd Floor, SS Chambers, SAP St, Kumar Basti, Srinivasa Nagar, Ameerpet, Hyderabad, Telangana 500016, India",+91 90008 55716,
HANU - Foreign Languages Training Institute in Ameerpet Hyderabad.,https://hanuforeignlanguages.com/,"202, Nilgiri Block, ADITYA ENCLAVE, Kumar Basti, Ameerpet, Hyderabad, Telangana 500016, India",+91 97000 79000,info@hanuforeignlanguages.com
HYDERABAD COLLEGE OF IT AND MANAGEMENT,https://hyderabad-college-of-it-and-management.business.site/?utm_source=gmb&utm_medium=referral,"9FPP+2M5, A.K MARKET, Koti, Hyderabad, Telangana 500095, India",,
High Sky Institute,https://www.highskyinstitute.com/,"Diamond Tower 6-2-983, 202 Second floor besides shadan college, Khairtabad, Hyderabad, Telangana 500004, India",+91 76719 08992,
MS Creative School & Girls College,https://mseducationacademy.in/,"366, 8-1, 1, Old Mumbai Hwy, Deluxe Colony, Janaki Nagar Colony, Toli Chowki, Hyderabad, Telangana 500008, India",+91 40 2356 8422,quicksolutions@mseducationacademy.in
Akash Institute Of Physics,,"No :4, Lane, Sai Baba Temple Rd, P & T Colony, KNR Residency, Kodandaram Nagar, Dilsukhnagar, Hyderabad, Telangana 500060, India",,
VGR College,,"Near, YMCA Cir, opposite amrutha tiffin center, Venkateshwara Colony, King Koti, Narayanguda, Hyderabad, Telangana 500095, India",+91 92472 81555,
"alphabeZ | Online Training Courses in Hyderabad, India | Coding for School and college students",http://www.alphabez.co/,"2-12-71/3, street, 13, Chilka Nagar Main Rd, annapurna colony, Beerappagadda, Uppal, Hyderabad, Telangana 500039, India",+91 96663 78360,alphabez2022@gmail.com
INSPANNER ACADEMY BEST SOFTWARE TRAINING INSTITUTE IN HYDERABAD WITH PLACEMENTS | FULL STACK JAVA |PYTHON | TESTING |,http://www.inspanner.com/,"A/2, 16-11-741/1, Moosarambagh Rd, near AXIS BANK, Indira Nagar, Dilsukhnagar, Hyderabad, Telangana 500036, India",+91 77998 86500,info@inspanner.com
Elegance24 Education,,"17-1-376/7(13 MIGH) - Second Floor - Sai Ratna Arcade, New santhosh nagar Santosh Nagar. Hyderabad-500059 Landmark: Above aadi honda showroom, beside Bata Store, Hyderabad, Telangana 500059, India",+91 81431 80195,
"Aakash Institute, AS Raju Nagar",https://centers.aakash.ac.in/aakash-institute-as-raju-nagar-coaching-center-kukatpally-hyderabad-100323/Home?utm_source=locator&utm_medium=googleplaces,"No 169 & 171, 3rd Flr, PNR Empire Bldg, adjacent to KPHB Metro Station, Hmt Sathavahana Nagar, Kukatpally, Hyderabad, Telangana 500072, India",+91 88000 13003,care@aesl.in
CODES | Best Medical Coding Training Institute in Hyderabad | Ameerpet,https://codeshub.org/,"Flat#F2,1st Floor, KVR Enclave, BataShowroom Building, beside Gurudwara, Swathi Avenue, Ameerpet, Hyderabad, Telangana 500016, India",+91 90630 33892,info@codeshub.org
"Deeksha, LB Nagar, Hyderabad (Science)",http://www.deekshaeducation.co.in/,"Plot.no, 25, Siris Rd, Sri Shankar Colony, Snehapuri Colony, L. B. Nagar, Hyderabad, Telangana 500074, India",+91 73492 50896,
Of Sun Institute Of Technology And Management Of,http://www.sun.edu.in/,"CG52+RP2, Beside Sbh Ramnagar Vst Cross Roads, Hyderabad, India",+91 99490 13737,executivedirector@sun.edu.in
Pasha College Of Education,http://pashacollegeofeducation.com/,"Pasha College of Education, Deen Dayal Nagar, Sri Laxmi Enclave, Vinayak Nagar, Neredmet, Secunderabad, Telangana 500056, India",+91 81216 17884,info@pashacollegeofeducation.com
Keshav Memorial Institute of Technology,https://kmit.in/,"3-5-1026, Hari Vihar Colony, Bhawani Nagar, Narayanguda, Hyderabad, Telangana 500029, India",+91 63021 40205,info@kmit.in
Ram Infotech Computer Education,http://raminfotechs.com/,"First Floor, Vinaynagar Shopping Complex, X Roads, near to IS Sadan Road, opposite 277 Bus stop, Central Excise Colony, New Santoshnagar, Santosh Nagar, Hyderabad, Telangana 500059, India",+91 98662 37052,info@raminfotechs.com
Educational institutions in Hyderabad,http://hpsbegumpet.org.in/,"8/a, 2-2-1105, New Nallakunta, Hyderabad, Telangana 500044, India",,
SUN INTERNATIONAL INSTITUTE OF HOTEL MANAGEMENT.(north campus),http://www.sun.edu.in/,"CG65+43V, Street Number 7, TRT Colony, Ram Nagar, Adikmet, Hyderabad, Telangana 500044, India",+91 99490 13737,executivedirector@sun.edu.in
INSTITUTE OF SPANISH STUDIES,http://www.instituteofspanishstudies.com/,"Suite 3, 4th Floor, Hira Mansion, Basheerbagh Rd, above Chung Hua Restaurant, Hill Fort, Adarsh Nagar, Hyderabad, Telangana 500063, India",+91 80734 04752,raj@gmail.com
Tata Institute of Fundamental Research,http://www.tifrh.res.in/,"36/P, Gopanpally Village, Serilingampally Mandal, Hyderabad, Telangana 500046, India",+91 40 2020 3001,
Bharat Institutions,,"3, Narayanguda Rd, Hari Vihar Colony, Bhawani Nagar, Narayanguda, Hyderabad, Telangana 500029, India",+91 96189 73973,
Aurora Educational Society,http://www.aurora.in/,"9FXW+XG9, Street No.12, Chikkadpally, Hyderabad, Telangana 500020, India",+91 91001 23456,
Aurora's Business School Hyderabad,http://www.absi.edu.in/,"near NIMS, Punjagutta Market, Punjagutta, Hyderabad, Telangana 500082, India",+91 91000 00486,
FTIH Film School,http://ftihedu.com/,"8-3, 833/66, Srinagar Colony Main Rd, Kamalapuri Colony, Banjara Hills, Hyderabad, Telangana 500073, India",+91 81211 52777,
Pioneer Institute of Hotel Management(PIHM),http://www.pihmhyd.co.in/,"Branch Ramnagar, Girisikhara Plaza 1-9-8/1/1, VST Main Road above SBI, Ram Nagar, Hyderabad, Telangana 500020, India",+91 95055 90308,
"CLAT, NATA, NIFT, BITSAT Coaching - PAGE Academy",https://pageacademy.com/?utm_source=Google&utm_medium=Maps,"Aditya Court, Banjara Hills Rd Number 3, near TV9 office, Banjara Hills, Hyderabad, Telangana 500034, India",+91 92465 72079,
Kautilya School of Public Policy,http://www.kautilya.org.in/,"Rudraram, Patancheru Mandal, Gitam (Deemed to be University, Hyderabad, Telangana 502329, India",+91 91008 50851,
Andhra Mahila Sabha Arts & Science College for Women,http://amsascw.org.in/,"Campus View Point, Osmania University Rd, Osmania University, अम्मपेट, Hyderabad, Telangana 500007, India",,
Greek Wings Institute of Hotel Management - Hyderabad,https://www.greekwings.com/,"H. No: 6-1-345, 3rd, above Honda Show Room, near Secunderabad, Bhoiguda, Hyderabad, Telangana 500003, India",+91 91000 19119,
Shaheen Junior College,https://shaheengroup.org/,"PRESTIGE DREAM VALLEY, Shivrampalli Village, Shivarampally Jagir, Telangana 500052, India",,